time,method,to,hash
20:31:03,0xe5e8894b,0xb300000b72deaeb607a12d5f54773d1c19c7028d,0xd79f958dfd7fefd3efa0840979b46ae44b9cee30810036635cc35a94232f1cc7
20:31:27,0xe5e8894b,0xb300000b72deaeb607a12d5f54773d1c19c7028d,0x9948c1e91e2d66d067247787043fd9340d0b8eb6959fb76cc7c0df3bf245ff45
20:31:40,0xe5e8894b,0xb300000b72deaeb607a12d5f54773d1c19c7028d,0x3f106801b77782d1347d3684a543e13ef268d3d9040a58ed3bdadad5faf10385
20:31:54,0xa03de6a9,0xb300000b72deaeb607a12d5f54773d1c19c7028d,0xd83e081f7bf12445de217b046df969aff428f13b3d6b9b6e0842d04f8ae7779c
20:32:07,0xe5e8894b,0xb300000b72deaeb607a12d5f54773d1c19c7028d,0x618dfe36899500541faf34954a4d177ba4cd15dde97f4fdf5ea23e6c29a68a53
20:32:21,0xa03de6a9,0xb300000b72deaeb607a12d5f54773d1c19c7028d,0xb25da61bb741461a8dc52b4039ae404525905fc194f0b48a2f2b6013a7fcde35
20:32:34,0xe5e8894b,0xb300000b72deaeb607a12d5f54773d1c19c7028d,0x100e065396124b778f99c6b6f189d761a7caffdd2f89230237a1bc2271b2d5ab
20:32:49,0xe5e8894b,0xb300000b72deaeb607a12d5f54773d1c19c7028d,0x8dc582a9b28968479ca78d2be7bbe8353c494883fd7c021eeff0ce8664818f69
20:33:12,0xe5e8894b,0xb300000b72deaeb607a12d5f54773d1c19c7028d,0xba9734ac312c01266ac04273bb30e25a5fcaca8964367ffaf8fe50030353c1f9
20:34:21,0xe5e8894b,0xb300000b72deaeb607a12d5f54773d1c19c7028d,0x9d609a6cfbc66ab60de381a6a9f33dc83e8d3fd98f7ba0f2c5675ee3eda08874
20:34:39,0xe5e8894b,0xb300000b72deaeb607a12d5f54773d1c19c7028d,0x947bea025e19c00b1344e6a417b6b67e213941c01c68f794c8076e5973b34630
20:34:52,0xe5e8894b,0xb300000b72deaeb607a12d5f54773d1c19c7028d,0x62b48aa927ca039293d595480033da39e5067a5b32c75553bcea0b40ed6bf3eb
20:35:06,0xe5e8894b,0xb300000b72deaeb607a12d5f54773d1c19c7028d,0xe7f247b5fb14e65b5600792513833700e569c5ab2fe89e38155f6d78e9c59b4f
20:35:19,0xe5e8894b,0xb300000b72deaeb607a12d5f54773d1c19c7028d,0x2ce9fb74dabf5f8dea3020c0684be64b9deb6679e9531aa6d1a29a6a4c8ca5ee
20:35:33,0xe5e8894b,0xb300000b72deaeb607a12d5f54773d1c19c7028d,0xd3a083aab2a6fa60cddc29e0642d50208b9c099f8dd9f398fb2e1b4aa3cb646c
20:35:46,0xe5e8894b,0xb300000b72deaeb607a12d5f54773d1c19c7028d,0x73d1318815b5e390768364236734b469c8ce040d77a25e7cd457893f5880c677
20:36:00,0xe5e8894b,0xb300000b72deaeb607a12d5f54773d1c19c7028d,0x646900f75b1734065640f5f3801dc4d174b67c8f4debb67f9d5fdbd783ea1a42
20:36:15,0xe5e8894b,0xb300000b72deaeb607a12d5f54773d1c19c7028d,0xe65c5783973fcc6b5b12da977132eb9d0f1ce88149002a7a088514903bd2e0bf
20:36:30,0xe5e8894b,0xb300000b72deaeb607a12d5f54773d1c19c7028d,0xaa770f8627222dee3ba2a8ff3561cfdcdaef61efeb9d135e7e0101d4d4c55670
20:36:49,0xe5e8894b,0xb300000b72deaeb607a12d5f54773d1c19c7028d,0x4b8c7b6fbb2e23895d08b2ab87a5fad639424fd188ae51fd4b462811de68cf04
20:37:03,0xa03de6a9,0xb300000b72deaeb607a12d5f54773d1c19c7028d,0x1b5cf073ae140c9ea61cd19545e96b6080578995c0fcf47c1ced71c0d5fdd9b0
20:37:16,0xa03de6a9,0xb300000b72deaeb607a12d5f54773d1c19c7028d,0xbf56d7c1c401028fa29e8aa12bb64aa389558dc2190698cf314cbeffcdc41c03
20:37:30,0xe5e8894b,0xb300000b72deaeb607a12d5f54773d1c19c7028d,0xdccd2800e84c5aed18e35e746d086b6e6c945837459625a945be936d16f1cf5a
20:37:43,0xe5e8894b,0xb300000b72deaeb607a12d5f54773d1c19c7028d,0x5314a122910c4b782212c0936e3beefbb7987049b62667aee97559f694fa8c9d
20:37:57,0xe5e8894b,0xb300000b72deaeb607a12d5f54773d1c19c7028d,0xcee1215ce9420f8081ff3ff1db0ae6c18aab9d2078e86ddaae2a0d7e7d69d46a
20:38:13,0xe5e8894b,0xb300000b72deaeb607a12d5f54773d1c19c7028d,0xbedfed7a982d7ed77c2f821fe8b22d3460d943e18881f32561a6c4fd5f99ac57
20:38:28,0xe5e8894b,0xb300000b72deaeb607a12d5f54773d1c19c7028d,0x564ce0e2bbda659fd00d8ac7b5dc8b8fc8f7a4f465cf88db582361b6a97c2d74
20:38:43,0xe5e8894b,0xb300000b72deaeb607a12d5f54773d1c19c7028d,0x5c4ea1d9c524b9a79e30c7b15a75f46f08154a4bfab438e2e7bf2a841f1ab011
20:39:04,0xe5e8894b,0xb300000b72deaeb607a12d5f54773d1c19c7028d,0x4eab0e0365e8497d663fd339d155adc6daf2fba1c1d5b0cab975bca245932780
20:39:21,0xe5e8894b,0xb300000b72deaeb607a12d5f54773d1c19c7028d,0x02b867297683493f6d97a04360fa8b8b3438f1c7ebcea039ffb34f0c12a4a323
20:39:36,0xa03de6a9,0xb300000b72deaeb607a12d5f54773d1c19c7028d,0xdf4db7da5e9b8fb31fe5e3ecc24f921b81fc1431aa3315de942f0e58b0a93408
20:39:51,0xe5e8894b,0xb300000b72deaeb607a12d5f54773d1c19c7028d,0x9e4b36a7502ac28583a0d149eae4b517e0c9ff0d9309ad3e8b8bbbd79dbfd1d4
20:40:06,0xa03de6a9,0xb300000b72deaeb607a12d5f54773d1c19c7028d,0xcb15dd7e1d388b38ec8120f743b103f3d41d1d2aaf548c7048175dc941c5c578
20:40:19,0xe5e8894b,0xb300000b72deaeb607a12d5f54773d1c19c7028d,0x66a2aa0f0d05588b6717705219d09fbbffc7dffca33125c3619e2ad749b43fd0
20:40:36,0xe5e8894b,0xb300000b72deaeb607a12d5f54773d1c19c7028d,0x0f9a00affdc787d1473c09e20a57edbbe77f48e629950ba8651c3587e9c0cd1e
20:40:54,0xe5e8894b,0xb300000b72deaeb607a12d5f54773d1c19c7028d,0x37fe8e41f89a15ed1b702f6e7c6939b8a6a9d2768c00c5934524a5faf8f49288
20:42:10,0xe5e8894b,0xb300000b72deaeb607a12d5f54773d1c19c7028d,0xc0d7e5421c9d34ce1288290c827d628a8126b5007fcc874177029376d73219b3
20:42:30,0xe5e8894b,0xb300000b72deaeb607a12d5f54773d1c19c7028d,0x1f0bb51250fd5fbe535ed02bf56bec0f9c2300ae8636c468abd39793176bd418
20:42:49,0xe5e8894b,0xb300000b72deaeb607a12d5f54773d1c19c7028d,0x088b19cfcf12a3535026479c7c6f3a428b66d5032c89a6c404e7f376fca15d20
20:43:04,0xa03de6a9,0xb300000b72deaeb607a12d5f54773d1c19c7028d,0x398362032e13118143f1df18191f34f6eced7e7bdc9df7db454206bab5aaec1b
20:43:22,0xa03de6a9,0xb300000b72deaeb607a12d5f54773d1c19c7028d,0x1b786aa99ced275c48940da52890e976974c6420fa46887699c4267d637c2925
20:43:39,0xe5e8894b,0xb300000b72deaeb607a12d5f54773d1c19c7028d,0x7be27c9058a5743450947fc84cd7555f9598cb548bf559ba08c59ab4c729061e
20:43:52,0xe5e8894b,0xb300000b72deaeb607a12d5f54773d1c19c7028d,0x1965952a1e9faff565483ef9c13d44775c692aaf493c9afdc86306a8e25fc075
20:44:07,0xe5e8894b,0xb300000b72deaeb607a12d5f54773d1c19c7028d,0x4df141208f97d44a8ccf7bd1b07dbfcca5ab67cf5a6497e540b55511d382c7e5
20:46:12,0xe5e8894b,0xb300000b72deaeb607a12d5f54773d1c19c7028d,0x754d9b1109e8b47e598b7fa4b3a845fbdc74f5960b804592ed12624f72473274
20:33:37,0xe5e8894b,0xb300000b72deaeb607a12d5f54773d1c19c7028d,0x62f58588b4715aa71cb0af00ccfdebfa37e53a599c67afbf1b0fbac50696570b
20:33:58,0xe5e8894b,0xb300000b72deaeb607a12d5f54773d1c19c7028d,0xb7093acfb6af48ef9ce4ca093535d7d365568dd2d001d6380262e40561a89441
